name,m_fuse,p_fuse,m_model,p_model,auprc,
human_ProtBertT5-xl_pebchem10m,True,True,True,True,0.9939984083175659
human_ProtBert-BFD_pebchem10m,True,True,True,True,0.9940410256385803
human_ProtBertT5-xl_pebchem10m,True,True,False,False,0.9939137697219849
human_ProtBert-BFD_chemberta,True,True,True,True,0.9952831268310547
human_ProtBert-BFD_pebchem10m,True,True,False,False,0.9886206388473511
human_ProtBertT5-xl_pebchem10m,False,False,True,True,0.9934715032577515
human_ProtBert-BFD_roberta,True,True,True,True,0.9965270161628723
human_ProtBertT5-xl_pebchem10m,True,True,False,True,0.9919595718383789
human_ProtBert-BFD_pebchem10m,False,False,True,True,0.9948358535766602
human_ProtBert-BFD_chemberta,True,True,False,False,0.9934783577919006
human_ProtBert-BFD_roberta,True,True,False,False,0.9923403859138489
human_ProtBertT5-xl_pebchem10m,True,True,True,False,0.9960768818855286
human_ProtBert-BFD_pebchem10m,True,True,False,True,0.9913194179534912
human_ProtBert-BFD_chemberta,False,False,True,True,0.993933916091919
human_ProtBert-BFD_roberta,False,False,True,True,0.9965336918830872
human_ProtBertT5-xl_pebchem10m,False,True,True,True,0.9922645688056946
human_ProtBert-BFD_pebchem10m,True,True,True,False,0.9946983456611633
human_ProtBert-BFD_chemberta,True,True,False,True,0.9899463653564453
human_ProtBert-BFD_roberta,True,True,False,True,0.989511251449585
human_ProtBertT5-xl_pebchem10m,True,False,True,True,0.9928340911865234
human_ProtBert-BFD_pebchem10m,False,True,True,True,0.9967166781425476
human_ProtBert-BFD_chemberta,True,True,True,False,0.9971252083778381
human_ProtBert-BFD_roberta,True,True,True,False,0.9956090450286865
human_ProtBertT5-xl_pebchem10m,True,True,True,True,0.9965736865997314
human_ProtBert-BFD_pebchem10m,True,False,True,True,0.9945025444030762
human_ProtBert-BFD_chemberta,False,True,True,True,0.9949057698249817
human_ProtBert-BFD_roberta,False,True,True,True,0.9961968660354614
human_ProtBertT5-xl_pebchem10m,True,True,False,False,0.9935982823371887
human_ProtBert-BFD_pebchem10m,True,True,True,True,0.9981287717819214
human_ProtBert-BFD_chemberta,True,False,True,True,0.9947987198829651
human_ProtBertT5-xl_pebchem10m,False,False,True,True,0.9973081946372986
human_ProtBert-BFD_roberta,True,False,True,True,0.9966587424278259
human_ProtBertT5-xl_pebchem10m,True,True,False,True,0.9889230728149414
human_ProtBert-BFD_chemberta,True,True,True,True,0.9942047595977783
human_ProtBert-BFD_pebchem10m,True,True,False,False,0.9964038133621216
human_ProtBert-BFD_roberta,True,True,True,True,0.9978857040405273
human_ProtBertT5-xl_pebchem10m,True,True,True,False,0.9966863989830017
human_ProtBert-BFD_pebchem10m,False,False,True,True,0.9971139430999756
human_ProtBert-BFD_chemberta,True,True,False,False,0.9957452416419983
human_ProtBert-BFD_roberta,True,True,False,False,0.9970951080322266
human_ProtBertT5-xl_pebchem10m,False,True,True,True,0.9974523186683655
human_ProtBert-BFD_pebchem10m,True,True,False,True,0.9914732575416565
human_ProtBert-BFD_chemberta,False,False,True,True,0.9956057667732239
human_ProtBert-BFD_roberta,False,False,True,True,0.9976641535758972
human_ProtBertT5-xl_pebchem10m,True,False,True,True,0.9969427585601807
human_ProtBert-BFD_pebchem10m,True,True,True,False,0.997582197189331
human_ProtBert-BFD_chemberta,True,True,False,True,0.9925389885902405
human_ProtBert-BFD_roberta,True,True,False,True,0.9928906559944153
human_ProtBertT5-xl_pebchem10m,True,True,True,True,0.9945499897003174
human_ProtBert-BFD_chemberta,True,True,True,False,0.9924089908599854
human_ProtBert-BFD_roberta,True,True,True,False,0.9968106746673584
human_ProtBert-BFD_pebchem10m,False,True,True,True,0.9971439242362976
human_ProtBertT5-xl_pebchem10m,True,True,False,False,0.9977153539657593
human_ProtBert-BFD_chemberta,False,True,True,True,0.9943597316741943
human_ProtBert-BFD_roberta,False,True,True,True,0.9967235922813416
human_ProtBertT5-xl_pebchem10m,False,False,True,True,0.9947441816329956
human_ProtBert-BFD_pebchem10m,True,False,True,True,0.9968992471694946
human_ProtBert-BFD_chemberta,True,False,True,True,0.9953376650810242
human_ProtBertT5-xl_pebchem10m,True,True,False,True,0.9946170449256897
human_ProtBert-BFD_roberta,True,False,True,True,0.9974046945571899
human_ProtBert-BFD_pebchem10m,True,True,True,True,0.9959413409233093
human_ProtBertT5-xl_pebchem10m,True,True,True,False,0.9987727403640747
human_ProtBert-BFD_roberta,True,True,True,True,0.9979840517044067
human_ProtBert-BFD_chemberta,True,True,True,True,0.9963024258613586
human_ProtBert-BFD_pebchem10m,True,True,False,False,0.997046709060669
human_ProtBertT5-xl_pebchem10m,False,True,True,True,0.9975564479827881
human_ProtBert-BFD_roberta,True,True,False,False,0.9965959191322327
human_ProtBert-BFD_chemberta,True,True,False,False,0.9964413046836853
human_ProtBert-BFD_pebchem10m,False,False,True,True,0.997426450252533
human_ProtBertT5-xl_pebchem10m,True,False,True,True,0.9962107539176941
human_ProtBert-BFD_roberta,False,False,True,True,0.9984801411628723
human_ProtBert-BFD_pebchem10m,True,True,False,True,0.9887515902519226
human_ProtBertT5-xl_pebchem10m,True,True,True,True,0.9917580485343933
human_ProtBert-BFD_chemberta,False,False,True,True,0.997434139251709
human_ProtBert-BFD_roberta,True,True,False,True,0.9942540526390076
human_ProtBert-BFD_pebchem10m,True,True,True,False,0.9979855418205261
human_ProtBert-BFD_chemberta,True,True,False,True,0.9905811548233032
human_ProtBertT5-xl_pebchem10m,True,True,False,False,0.9945023059844971
human_ProtBert-BFD_roberta,True,True,True,False,0.9994887709617615
human_ProtBert-BFD_pebchem10m,False,True,True,True,0.9963429570198059
human_ProtBertT5-xl_pebchem10m,False,False,True,True,0.9959214925765991
human_ProtBert-BFD_chemberta,True,True,True,False,0.9980146884918213
human_ProtBert-BFD_roberta,False,True,True,True,0.9984012246131897
human_ProtBert-BFD_pebchem10m,True,False,True,True,0.9966700673103333
human_ProtBertT5-xl_pebchem10m,True,True,False,True,0.9905507564544678
human_ProtBert-BFD_chemberta,False,True,True,True,0.9968640208244324
human_ProtBert-BFD_pebchem10m,True,True,True,True,0.994339644908905
human_ProtBert-BFD_roberta,True,False,True,True,0.9991574287414551
human_ProtBertT5-xl_pebchem10m,True,True,True,False,0.9978480935096741
human_ProtBert-BFD_chemberta,True,False,True,True,0.9960762858390808
human_ProtBert-BFD_roberta,True,True,True,True,0.9967702627182007
human_ProtBertT5-xl_pebchem10m,False,True,True,True,0.9928958415985107
human_ProtBert-BFD_pebchem10m,True,True,False,False,0.9949464797973633
human_ProtBertT5-xl_pebchem10m,True,False,True,True,0.9937587976455688
human_ProtBert-BFD_chemberta,True,True,True,True,0.9955618381500244
human_ProtBert-BFD_roberta,True,True,False,False,0.9959232807159424
human_ProtBert-BFD_pebchem10m,False,False,True,True,0.9959277510643005
human_ProtBertT5-xl_pebchem10m,True,True,True,True,0.9973991513252258
human_ProtBert-BFD_roberta,False,False,True,True,0.99720299243927
human_ProtBert-BFD_pebchem10m,True,True,False,True,0.9901106357574463
human_ProtBert-BFD_chemberta,True,True,False,False,0.9922221899032593
human_ProtBert-BFD_roberta,True,True,False,True,0.9889370203018188
human_ProtBertT5-xl_pebchem10m,True,True,False,False,0.9963896870613098
human_ProtBert-BFD_chemberta,False,False,True,True,0.9954038858413696
human_ProtBert-BFD_pebchem10m,True,True,True,False,0.9978156089782715
human_ProtBert-BFD_roberta,True,True,True,False,0.9947994947433472
human_ProtBertT5-xl_pebchem10m,False,False,True,True,0.9986423254013062
human_ProtBert-BFD_pebchem10m,False,True,True,True,0.99592125415802
human_ProtBert-BFD_chemberta,True,True,False,True,0.989315390586853
human_ProtBert-BFD_roberta,False,True,True,True,0.9967851042747498
human_ProtBertT5-xl_pebchem10m,True,True,False,True,0.9929001331329346
human_ProtBert-BFD_pebchem10m,True,False,True,True,0.9956889748573303
human_ProtBert-BFD_chemberta,True,True,True,False,0.9976603984832764
human_ProtBertT5-xl_pebchem10m,True,True,True,False,0.9982796907424927
human_ProtBert-BFD_roberta,True,False,True,True,0.9966965913772583
human_ProtBert-BFD_pebchem10m,True,True,True,True,0.99665766954422
human_ProtBert-BFD_chemberta,False,True,True,True,0.9959121346473694
human_ProtBertT5-xl_pebchem10m,False,True,True,True,0.9983217120170593
human_ProtBert-BFD_roberta,True,True,True,True,0.9982479810714722
human_ProtBert-BFD_chemberta,True,False,True,True,0.9958720207214355
human_ProtBertT5-xl_pebchem10m,True,False,True,True,0.9982127547264099
human_ProtBert-BFD_pebchem10m,True,True,False,False,0.9967442750930786
human_ProtBert-BFD_roberta,True,True,False,False,0.9970510601997375
human_ProtBert-BFD_chemberta,True,True,True,True,0.9959137439727783
human_ProtBertT5-xl_pebchem10m,True,True,True,True,0.9951565265655518
human_ProtBert-BFD_pebchem10m,False,False,True,True,0.9963932037353516
human_ProtBert-BFD_roberta,False,False,True,True,0.9976383447647095
human_ProtBert-BFD_chemberta,True,True,False,False,0.9947405457496643
human_ProtBertT5-xl_pebchem10m,True,True,False,False,0.9940966367721558
human_ProtBert-BFD_pebchem10m,True,True,False,True,0.9945818185806274
human_ProtBert-BFD_roberta,True,True,False,True,0.9951342344284058
human_ProtBertT5-xl_pebchem10m,False,False,True,True,0.9962523579597473
human_ProtBert-BFD_chemberta,False,False,True,True,0.9964842796325684
human_ProtBert-BFD_pebchem10m,True,True,True,False,0.9986810684204102
human_ProtBert-BFD_roberta,True,True,True,False,0.9985319972038269
human_ProtBertT5-xl_pebchem10m,True,True,False,True,0.99173903465271
human_ProtBert-BFD_chemberta,True,True,False,True,0.990222692489624
human_ProtBert-BFD_pebchem10m,False,True,True,True,0.9968734383583069
human_ProtBert-BFD_roberta,False,True,True,True,0.9986177682876587
human_ProtBertT5-xl_pebchem10m,True,True,True,False,0.9969292879104614
human_ProtBert-BFD_chemberta,True,True,True,False,0.9968453645706177
human_ProtBert-BFD_pebchem10m,True,False,True,True,0.9981801509857178
human_ProtBert-BFD_roberta,True,False,True,True,0.9981852769851685
human_ProtBertT5-xl_pebchem10m,False,True,True,True,0.9952988624572754
human_ProtBert-BFD_chemberta,False,True,True,True,0.9957223534584045
human_ProtBert-BFD_roberta,True,True,True,True,0.9935051202774048
human_ProtBert-BFD_pebchem10m,True,True,True,True,0.9953979849815369
human_ProtBertT5-xl_pebchem10m,True,False,True,True,0.9976750612258911
human_ProtBert-BFD_chemberta,True,False,True,True,0.9961888790130615
human_ProtBertT5-xl_pebchem10m,True,True,True,True,0.9911038279533386
human_ProtBert-BFD_roberta,True,True,False,False,0.9938173294067383
human_ProtBert-BFD_pebchem10m,True,True,False,False,0.9926093220710754
human_ProtBert-BFD_chemberta,True,True,True,True,0.9938287734985352
human_ProtBertT5-xl_pebchem10m,True,True,False,False,0.990592896938324
human_ProtBert-BFD_roberta,False,False,True,True,0.9971040487289429
human_ProtBert-BFD_pebchem10m,False,False,True,True,0.9961913228034973
human_ProtBert-BFD_chemberta,True,True,False,False,0.9921681880950928
human_ProtBertT5-xl_pebchem10m,False,False,True,True,0.9930402636528015
human_ProtBert-BFD_roberta,True,True,False,True,0.9924647212028503
human_ProtBert-BFD_pebchem10m,True,True,False,True,0.9896312952041626
human_ProtBertT5-xl_pebchem10m,True,True,False,True,0.9873353242874146
human_ProtBert-BFD_chemberta,False,False,True,True,0.9961783289909363
human_ProtBert-BFD_roberta,True,True,True,False,0.9964114427566528
human_ProtBert-BFD_pebchem10m,True,True,True,False,0.996249794960022
human_ProtBertT5-xl_pebchem10m,True,True,True,False,0.9963722825050354
human_ProtBert-BFD_chemberta,True,True,False,True,0.9876134991645813
human_ProtBert-BFD_roberta,False,True,True,True,0.9967502355575562
human_ProtBert-BFD_pebchem10m,False,True,True,True,0.9963868260383606
human_ProtBertT5-xl_pebchem10m,False,True,True,True,0.9934223890304565
human_ProtBert-BFD_chemberta,True,True,True,False,0.9935242533683777
human_ProtBert-BFD_roberta,True,False,True,True,0.9948854446411133
human_ProtBert-BFD_pebchem10m,True,False,True,True,0.9957677125930786
human_ProtBertT5-xl_pebchem10m,True,False,True,True,0.9926102757453918
human_ProtBert-BFD_roberta,True,True,True,True,0.9943997263908386
human_ProtBert-BFD_chemberta,False,True,True,True,0.9946358799934387
human_ProtBertT5-xl_pebchem10m,True,True,True,True,0.9935919642448425
human_ProtBert-BFD_pebchem10m,True,True,True,True,0.9933359026908875
human_ProtBert-BFD_chemberta,True,False,True,True,0.9938123226165771
human_ProtBert-BFD_roberta,True,True,False,False,0.9911124110221863
human_ProtBertT5-xl_pebchem10m,True,True,False,False,0.9906231760978699
human_ProtBert-BFD_pebchem10m,True,True,False,False,0.9909827709197998
human_ProtBert-BFD_chemberta,True,True,True,True,0.9887472987174988
human_ProtBertT5-xl_pebchem10m,False,False,True,True,0.9960156679153442
human_ProtBert-BFD_roberta,False,False,True,True,0.9950923919677734
human_ProtBert-BFD_pebchem10m,False,False,True,True,0.9951387643814087
human_ProtBert-BFD_chemberta,True,True,False,False,0.9846640825271606
human_ProtBert-BFD_roberta,True,True,False,True,0.9897958040237427
human_ProtBertT5-xl_pebchem10m,True,True,False,True,0.9888408780097961
human_ProtBert-BFD_pebchem10m,True,True,False,True,0.9862361550331116
human_ProtBert-BFD_chemberta,False,False,True,True,0.9895728230476379
human_ProtBert-BFD_roberta,True,True,True,False,0.99497389793396
human_ProtBertT5-xl_pebchem10m,True,True,True,False,0.9956907033920288
human_ProtBert-BFD_pebchem10m,True,True,True,False,0.9950377345085144
human_ProtBertT5-xl_pebchem10m,False,True,True,True,0.995053768157959
human_ProtBert-BFD_chemberta,True,True,False,True,0.985977053642273
human_ProtBert-BFD_roberta,False,True,True,True,0.9953163862228394
human_ProtBertT5-xl_pebchem10m,True,False,True,True,0.9936550259590149
human_ProtBert-BFD_pebchem10m,False,True,True,True,0.9943628907203674
human_ProtBert-BFD_roberta,True,False,True,True,0.9945202469825745
human_ProtBert-BFD_chemberta,True,True,True,False,0.9929540157318115
human_ProtBertT5-xl_pebchem10m,True,True,True,True,0.9959316849708557
human_ProtBert-BFD_pebchem10m,True,False,True,True,0.9927864670753479
human_ProtBert-BFD_chemberta,False,True,True,True,0.9898887276649475
human_ProtBert-BFD_roberta,True,True,True,True,0.9949230551719666
human_ProtBert-BFD_pebchem10m,True,True,True,True,0.998228132724762
human_ProtBertT5-xl_pebchem10m,True,True,False,False,0.9954735636711121
human_ProtBert-BFD_chemberta,True,False,True,True,0.9904322624206543
human_ProtBert-BFD_roberta,True,True,False,False,0.9960010051727295
human_ProtBertT5-xl_pebchem10m,False,False,True,True,0.9968416094779968
human_ProtBert-BFD_chemberta,True,True,True,True,0.9929441213607788
human_ProtBert-BFD_pebchem10m,True,True,False,False,0.9938787817955017
human_ProtBert-BFD_roberta,False,False,True,True,0.9971746802330017
human_ProtBertT5-xl_pebchem10m,True,True,False,True,0.992932140827179
human_ProtBert-BFD_roberta,True,True,False,True,0.9910082817077637
human_ProtBert-BFD_pebchem10m,False,False,True,True,0.9985235929489136
human_ProtBert-BFD_chemberta,True,True,False,False,0.9926732182502747
human_ProtBertT5-xl_pebchem10m,True,True,True,False,0.997471272945404
human_ProtBert-BFD_chemberta,False,False,True,True,0.9940802454948425
human_ProtBert-BFD_pebchem10m,True,True,False,True,0.9913533926010132
human_ProtBert-BFD_roberta,True,True,True,False,0.996626079082489
human_ProtBertT5-xl_pebchem10m,False,True,True,True,0.9947630167007446
human_ProtBert-BFD_chemberta,True,True,False,True,0.986754834651947
human_ProtBert-BFD_roberta,False,True,True,True,0.9950753450393677
human_ProtBertT5-xl_pebchem10m,True,False,True,True,0.9957779049873352
human_ProtBert-BFD_pebchem10m,True,True,True,False,0.9984115958213806
human_ProtBert-BFD_chemberta,True,True,True,False,0.9952749013900757
human_ProtBert-BFD_roberta,True,False,True,True,0.9951057434082031
human_ProtBertT5-xl_pebchem10m,True,True,True,True,0.9912474155426025
human_ProtBert-BFD_pebchem10m,False,True,True,True,0.9979003071784973
human_ProtBert-BFD_chemberta,False,True,True,True,0.9935237765312195
human_ProtBert-BFD_roberta,True,True,True,True,0.9958170652389526
human_ProtBertT5-xl_pebchem10m,True,True,False,False,0.995083212852478
human_ProtBert-BFD_chemberta,True,False,True,True,0.9927315711975098
human_ProtBert-BFD_pebchem10m,True,False,True,True,0.9978835582733154
human_ProtBert-BFD_roberta,True,True,False,False,0.9963067173957825
human_ProtBertT5-xl_pebchem10m,False,False,True,True,0.9936880469322205
human_ProtBert-BFD_chemberta,True,True,True,True,0.9957150816917419
human_ProtBert-BFD_roberta,False,False,True,True,0.9969912767410278
human_ProtBert-BFD_pebchem10m,True,True,True,True,0.9964133501052856
human_ProtBertT5-xl_pebchem10m,True,True,False,True,0.9856184124946594
human_ProtBert-BFD_roberta,True,True,False,True,0.9918059706687927
human_ProtBert-BFD_pebchem10m,True,True,False,False,0.991180956363678
human_ProtBert-BFD_chemberta,True,True,False,False,0.9952185750007629
human_ProtBertT5-xl_pebchem10m,True,True,True,False,0.9970634579658508
human_ProtBert-BFD_pebchem10m,False,False,True,True,0.9967743754386902
human_ProtBert-BFD_roberta,True,True,True,False,0.9983274936676025
human_ProtBertT5-xl_pebchem10m,False,True,True,True,0.9866275787353516
human_ProtBert-BFD_chemberta,False,False,True,True,0.995850682258606
human_ProtBert-BFD_roberta,False,True,True,True,0.9958235025405884
human_ProtBert-BFD_pebchem10m,True,True,False,True,0.9921279549598694
human_ProtBertT5-xl_pebchem10m,True,False,True,True,0.988541841506958
human_ProtBert-BFD_chemberta,True,True,False,True,0.9891127347946167
human_ProtBert-BFD_roberta,True,False,True,True,0.996914803981781
human_ProtBert-BFD_pebchem10m,True,True,True,False,0.9980753660202026
human_ProtBert-BFD_chemberta,True,True,True,False,0.997324526309967
human_ProtBert-BFD_roberta,True,True,True,True,0.9963120818138123
human_ProtBert-BFD_pebchem10m,False,True,True,True,0.9966577887535095
human_ProtBert-BFD_chemberta,False,True,True,True,0.9956335425376892
human_ProtBert-BFD_roberta,True,True,False,False,0.9949933290481567
human_ProtBert-BFD_pebchem10m,True,False,True,True,0.9961474537849426
human_ProtBert-BFD_chemberta,True,False,True,True,0.9941803812980652
human_ProtBert-BFD_roberta,False,False,True,True,0.9964158535003662
human_ProtBert-BFD_pebchem10m,True,True,True,True,0.9967948198318481
human_ProtBert-BFD_chemberta,True,True,True,True,0.9952925443649292
human_ProtBert-BFD_roberta,True,True,False,True,0.9944505095481873
human_ProtBert-BFD_pebchem10m,True,True,False,False,0.9935564398765564
human_ProtBert-BFD_roberta,True,True,True,False,0.9967278242111206
human_ProtBert-BFD_chemberta,True,True,False,False,0.9941165447235107
human_ProtBert-BFD_roberta,False,True,True,True,0.9946051239967346
human_ProtBert-BFD_pebchem10m,False,False,True,True,0.9957796931266785
human_ProtBert-BFD_chemberta,False,False,True,True,0.9953258037567139
human_ProtBert-BFD_pebchem10m,True,True,False,True,0.9911296963691711
human_ProtBert-BFD_roberta,True,False,True,True,0.996535062789917
human_ProtBert-BFD_chemberta,True,True,False,True,0.9922972321510315
human_ProtBert-BFD_pebchem10m,True,True,True,False,0.9960008859634399
human_ProtBert-BFD_pebchem10m,False,True,True,True,0.9948932528495789
human_ProtBert-BFD_chemberta,True,True,True,False,0.99692702293396
human_ProtBert-BFD_pebchem10m,True,False,True,True,0.9946725964546204
human_ProtBert-BFD_chemberta,False,True,True,True,0.9946669936180115
human_ProtBertT5-xl_roberta,True,True,True,True,0.9965021014213562
human_ProtBert-BFD_chemberta,True,False,True,True,0.9937682747840881
human_ProtBertT5-xl_roberta,True,True,False,False,0.992362916469574
human_ProtBertT5-xl_roberta,False,False,True,True,0.9924291968345642
human_ProtBertT5-xl_roberta,True,True,False,True,0.9918019771575928
human_ProtBertT5-xl_roberta,True,True,True,False,0.9967971444129944
human_ProtBertT5-xl_roberta,False,True,True,True,0.9956452250480652
human_ProtBertT5-xl_roberta,True,False,True,True,0.9959858059883118
human_ProtBertT5-xl_roberta,True,True,True,True,0.9964562654495239
human_ProtBertT5-xl_roberta,True,True,False,False,0.995751678943634
human_ProtBertT5-xl_roberta,False,False,True,True,0.9970267415046692
human_ESM-1B_pebchem10m,True,True,True,True,0.9950821399688721
human_ESM-1B_roberta,True,True,True,True,0.993169367313385
human_ProtBertT5-xl_roberta,True,True,False,True,0.9911205768585205
human_ESM-1B_roberta,True,True,False,False,0.9946079850196838
human_ESM-1B_pebchem10m,True,True,False,False,0.9943742752075195
human_ProtBertT5-xl_roberta,True,True,True,False,0.9980777502059937
human_ProtBertT5-xl_chemberta,True,True,True,True,0.993852972984314
human_ProtBertT5-xl_roberta,False,True,True,True,0.9970427751541138
human_ESM-1B_roberta,False,False,True,True,0.9970354437828064
human_ESM-1B_pebchem10m,False,False,True,True,0.9962578415870667
human_ESM-1B_roberta,True,True,False,True,0.9915939569473267
human_ESM-1B_pebchem10m,True,True,False,True,0.9903518557548523
human_ProtBertT5-xl_chemberta,True,True,False,False,0.9942053556442261
human_ProtBertT5-xl_roberta,True,False,True,True,0.998088538646698
human_ESM-1B_roberta,True,True,True,False,0.9942541718482971
human_ProtBertT5-xl_roberta,True,True,True,True,0.9979428648948669
human_ESM-1B_pebchem10m,True,True,True,False,0.9953920841217041
human_ProtBertT5-xl_chemberta,False,False,True,True,0.993539571762085
human_ESM-1B_roberta,False,True,True,True,0.9962265491485596
human_ProtBertT5-xl_chemberta,True,True,False,True,0.9877108931541443
human_ESM-1B_pebchem10m,False,True,True,True,0.9915499091148376
human_ProtBertT5-xl_roberta,True,True,False,False,0.997652530670166
human_ESM-1B_roberta,True,False,True,True,0.9970124363899231
human_ProtBertT5-xl_chemberta,True,True,True,False,0.997292697429657
human_ESM-1B_pebchem10m,True,False,True,True,0.9955415725708008
human_ProtBertT5-xl_roberta,False,False,True,True,0.998079240322113
human_ProtBertT5-xl_roberta,True,True,False,True,0.9905955195426941
human_ESM-1B_roberta,True,True,True,True,0.9960691332817078
human_ProtBertT5-xl_chemberta,False,True,True,True,0.995215654373169
human_ESM-1B_pebchem10m,True,True,True,True,0.9966601133346558
human_ProtBertT5-xl_roberta,True,True,True,False,0.9993749260902405
human_ProtBertT5-xl_chemberta,True,False,True,True,0.9934648871421814
human_ESM-1B_roberta,True,True,False,False,0.996229887008667
human_ESM-1B_pebchem10m,True,True,False,False,0.9928831458091736
human_ProtBertT5-xl_roberta,False,True,True,True,0.999139666557312
human_ProtBertT5-xl_chemberta,True,True,True,True,0.9943503737449646
human_ESM-1B_roberta,False,False,True,True,0.9980663657188416
human_ESM-1B_pebchem10m,False,False,True,True,0.9980403780937195
human_ProtBertT5-xl_roberta,True,False,True,True,0.9975438117980957
human_ProtBertT5-xl_chemberta,True,True,False,False,0.9928482174873352
human_ESM-1B_roberta,True,True,False,True,0.9947983622550964
human_ProtBertT5-xl_roberta,True,True,True,True,0.9939358830451965
human_ESM-1B_pebchem10m,True,True,False,True,0.992365837097168
human_ProtBertT5-xl_chemberta,False,False,True,True,0.9945218563079834
human_ESM-1B_roberta,True,True,True,False,0.9978882670402527
human_ProtBertT5-xl_roberta,True,True,False,False,0.9954718351364136
human_ProtBertT5-xl_chemberta,True,True,False,True,0.9904359579086304
human_ESM-1B_pebchem10m,True,True,True,False,0.9963675141334534
human_ProtBertT5-xl_roberta,False,False,True,True,0.9946255087852478
human_ESM-1B_roberta,False,True,True,True,0.9974535703659058
human_ProtBertT5-xl_chemberta,True,True,True,False,0.996082067489624
human_ESM-1B_pebchem10m,False,True,True,True,0.9961701035499573
human_ProtBertT5-xl_roberta,True,True,False,True,0.9911238551139832
human_ESM-1B_roberta,True,False,True,True,0.9969744682312012
human_ProtBertT5-xl_chemberta,False,True,True,True,0.9937559366226196
human_ProtBertT5-xl_roberta,True,True,True,False,0.9974105954170227
human_ESM-1B_pebchem10m,True,False,True,True,0.9982931613922119
human_ESM-1B_roberta,True,True,True,True,0.9981071352958679
human_ProtBertT5-xl_chemberta,True,False,True,True,0.9937911033630371
human_ProtBertT5-xl_roberta,False,True,True,True,0.9955195784568787
human_ESM-1B_pebchem10m,True,True,True,True,0.9977166056632996
human_ProtBertT5-xl_roberta,True,False,True,True,0.992899477481842
human_ESM-1B_roberta,True,True,False,False,0.997500479221344
human_ProtBertT5-xl_chemberta,True,True,True,True,0.9959816336631775
human_ESM-1B_pebchem10m,True,True,False,False,0.9967696666717529
human_ProtBertT5-xl_roberta,True,True,True,True,0.9971866607666016
human_ESM-1B_roberta,False,False,True,True,0.9995043277740479
human_ProtBertT5-xl_chemberta,True,True,False,False,0.9921504259109497
human_ESM-1B_pebchem10m,False,False,True,True,0.9991651773452759
human_ProtBertT5-xl_roberta,True,True,False,False,0.996101438999176
human_ESM-1B_roberta,True,True,False,True,0.9898837804794312
human_ProtBertT5-xl_chemberta,False,False,True,True,0.9956839084625244
human_ProtBertT5-xl_roberta,False,False,True,True,0.9975981116294861
human_ESM-1B_roberta,True,True,True,False,0.9982737302780151
human_ESM-1B_pebchem10m,True,True,False,True,0.9945200681686401
human_ProtBertT5-xl_chemberta,True,True,False,True,0.9889384508132935
human_ProtBertT5-xl_roberta,True,True,False,True,0.9926270842552185
human_ESM-1B_pebchem10m,True,True,True,False,0.9990493059158325
human_ESM-1B_roberta,False,True,True,True,0.997837245464325
human_ProtBertT5-xl_roberta,True,True,True,False,0.9994280934333801
human_ProtBertT5-xl_chemberta,True,True,True,False,0.9984195828437805
human_ESM-1B_pebchem10m,False,True,True,True,0.9957393407821655
human_ESM-1B_roberta,True,False,True,True,0.9996445178985596
human_ProtBertT5-xl_roberta,False,True,True,True,0.9981626272201538
human_ESM-1B_pebchem10m,True,False,True,True,0.9974849224090576
human_ProtBertT5-xl_chemberta,False,True,True,True,0.9981979131698608
human_ESM-1B_roberta,True,True,True,True,0.9913279414176941
human_ProtBertT5-xl_roberta,True,False,True,True,0.9980165362358093
human_ESM-1B_pebchem10m,True,True,True,True,0.9911206960678101
human_ESM-1B_roberta,True,True,False,False,0.9891979694366455
human_ProtBertT5-xl_chemberta,True,False,True,True,0.9972153306007385
human_ProtBertT5-xl_roberta,True,True,True,True,0.9934828281402588
human_ESM-1B_pebchem10m,True,True,False,False,0.9930819869041443
human_ProtBertT5-xl_chemberta,True,True,True,True,0.9931405782699585
human_ESM-1B_roberta,False,False,True,True,0.9965870380401611
human_ProtBertT5-xl_roberta,True,True,False,False,0.9927721619606018
human_ProtBertT5-xl_chemberta,True,True,False,False,0.9924318194389343
human_ESM-1B_pebchem10m,False,False,True,True,0.9981091022491455
human_ProtBertT5-xl_roberta,False,False,True,True,0.9942492246627808
human_ESM-1B_roberta,True,True,False,True,0.9894688129425049
human_ProtBertT5-xl_chemberta,False,False,True,True,0.9938404560089111
human_ProtBertT5-xl_roberta,True,True,False,True,0.9886037707328796
human_ESM-1B_pebchem10m,True,True,False,True,0.9890050292015076
human_ESM-1B_roberta,True,True,True,False,0.9940994381904602
human_ESM-1B_pebchem10m,True,True,True,False,0.9916045069694519
human_ProtBertT5-xl_chemberta,True,True,False,True,0.9898613691329956
human_ProtBertT5-xl_roberta,True,True,True,False,0.9968922734260559
human_ESM-1B_roberta,False,True,True,True,0.9948108196258545
human_ESM-1B_pebchem10m,False,True,True,True,0.9922826290130615
human_ProtBertT5-xl_roberta,False,True,True,True,0.9933711886405945
human_ESM-1B_roberta,True,False,True,True,0.9968460202217102
human_ProtBertT5-xl_chemberta,True,True,True,False,0.9976696372032166
human_ProtBertT5-xl_roberta,True,False,True,True,0.9942197799682617
human_ESM-1B_pebchem10m,True,False,True,True,0.9984922409057617
human_ProtBertT5-xl_chemberta,False,True,True,True,0.9948419332504272
human_ESM-1B_roberta,True,True,True,True,0.9988017082214355
human_ProtBertT5-xl_roberta,True,True,True,True,0.9934637546539307
human_ProtBertT5-xl_chemberta,True,False,True,True,0.9952666759490967
human_ESM-1B_pebchem10m,True,True,True,True,0.9983015060424805
human_ProtBertT5-xl_roberta,True,True,False,False,0.9857243299484253
human_ESM-1B_roberta,True,True,False,False,0.9973348379135132
human_ProtBertT5-xl_chemberta,True,True,True,True,0.9950605630874634
human_ProtBertT5-xl_roberta,False,False,True,True,0.995749294757843
human_ESM-1B_pebchem10m,True,True,False,False,0.9969776272773743
human_ESM-1B_roberta,False,False,True,True,0.9993200302124023
human_ProtBertT5-xl_roberta,True,True,False,True,0.9890496730804443
human_ProtBertT5-xl_chemberta,True,True,False,False,0.994837760925293
human_ESM-1B_pebchem10m,False,False,True,True,0.9992391467094421
human_ESM-1B_roberta,True,True,False,True,0.9947072863578796
human_ProtBertT5-xl_roberta,True,True,True,False,0.9951556921005249
human_ProtBertT5-xl_chemberta,False,False,True,True,0.9968867301940918
human_ESM-1B_roberta,True,True,True,False,0.9993350505828857
human_ProtBertT5-xl_roberta,False,True,True,True,0.9946082234382629
human_ESM-1B_pebchem10m,True,True,False,True,0.9950803518295288
human_ProtBertT5-xl_chemberta,True,True,False,True,0.9934310913085938
human_ProtBertT5-xl_roberta,True,False,True,True,0.9933167695999146
human_ESM-1B_roberta,False,True,True,True,0.9992948770523071
human_ESM-1B_pebchem10m,True,True,True,False,0.9982413053512573
human_ProtBertT5-xl_roberta,True,True,True,True,0.9934373497962952
human_ProtBertT5-xl_chemberta,True,True,True,False,0.995909571647644
human_ESM-1B_roberta,True,False,True,True,0.9991359114646912
human_ProtBertT5-xl_roberta,True,True,False,False,0.9899103045463562
human_ESM-1B_pebchem10m,False,True,True,True,0.9989212155342102
human_ProtBertT5-xl_chemberta,False,True,True,True,0.9961442351341248
human_ProtBertT5-xl_roberta,False,False,True,True,0.9943556189537048
human_ESM-1B_roberta,True,True,True,True,0.9944044351577759
human_ESM-1B_pebchem10m,True,False,True,True,0.9988434910774231
human_ProtBertT5-xl_roberta,True,True,False,True,0.9882233738899231
human_ProtBertT5-xl_chemberta,True,False,True,True,0.995540201663971
human_ESM-1B_pebchem10m,True,True,True,True,0.9900308847427368
human_ProtBertT5-xl_roberta,True,True,True,False,0.9961869120597839
human_ProtBertT5-xl_chemberta,True,True,True,True,0.9907140731811523
human_ESM-1B_roberta,True,True,False,False,0.9948641061782837
human_ESM-1B_pebchem10m,True,True,False,False,0.9906205534934998
human_ProtBertT5-xl_roberta,False,True,True,True,0.9959154725074768
human_ProtBertT5-xl_chemberta,True,True,False,False,0.9915434718132019
human_ESM-1B_roberta,False,False,True,True,0.9978170990943909
human_ProtBertT5-xl_roberta,True,False,True,True,0.9933127760887146
human_ESM-1B_pebchem10m,False,False,True,True,0.9979395270347595
human_ProtBertT5-xl_chemberta,False,False,True,True,0.9947494864463806
human_ProtBertT5-xl_roberta,True,True,True,True,0.9964308738708496
human_ESM-1B_roberta,True,True,False,True,0.9914653301239014
human_ESM-1B_pebchem10m,True,True,False,True,0.9889287948608398
human_ProtBertT5-xl_roberta,True,True,False,False,0.9875823259353638
human_ProtBertT5-xl_chemberta,True,True,False,True,0.9871572256088257
human_ESM-1B_roberta,True,True,True,False,0.9934096336364746
human_ESM-1B_pebchem10m,True,True,True,False,0.9913908243179321
human_ProtBertT5-xl_roberta,False,False,True,True,0.9970882534980774
human_ProtBertT5-xl_chemberta,True,True,True,False,0.9958044290542603
human_ProtBertT5-xl_roberta,True,True,False,True,0.9876245856285095
human_ESM-1B_roberta,False,True,True,True,0.9951532483100891
human_ESM-1B_pebchem10m,False,True,True,True,0.9952810406684875
human_ProtBertT5-xl_chemberta,False,True,True,True,0.9931398034095764
human_ProtBertT5-xl_roberta,True,True,True,False,0.9981594681739807
human_ESM-1B_roberta,True,False,True,True,0.996974766254425
human_ESM-1B_pebchem10m,True,False,True,True,0.9970911145210266
human_ProtBertT5-xl_chemberta,True,False,True,True,0.9933816194534302
human_ProtBertT5-xl_roberta,False,True,True,True,0.9951541423797607
human_ESM-1B_roberta,True,True,True,True,0.9948359727859497
human_ProtBertT5-xl_roberta,True,False,True,True,0.9951357245445251
human_ProtBertT5-xl_chemberta,True,True,True,True,0.9917709231376648
human_ESM-1B_pebchem10m,True,True,True,True,0.994529664516449
human_ESM-1B_roberta,True,True,False,False,0.9929395914077759
human_ESM-1B_pebchem10m,True,True,False,False,0.9895364046096802
human_ProtBertT5-xl_roberta,True,True,True,True,0.9913167953491211
human_ProtBertT5-xl_chemberta,True,True,False,False,0.988637387752533
human_ESM-1B_roberta,False,False,True,True,0.9948497414588928
human_ProtBertT5-xl_chemberta,False,False,True,True,0.9901508092880249
human_ESM-1B_pebchem10m,False,False,True,True,0.9975695013999939
human_ProtBertT5-xl_roberta,True,True,False,False,0.9962732791900635
human_ESM-1B_roberta,True,True,False,True,0.9898551106452942
human_ProtBertT5-xl_chemberta,True,True,False,True,0.9877980351448059
human_ESM-1B_roberta,True,True,True,False,0.9943873882293701
human_ProtBertT5-xl_roberta,False,False,True,True,0.9939764142036438
human_ESM-1B_pebchem10m,True,True,False,True,0.9912673830986023
human_ESM-1B_roberta,False,True,True,True,0.9933485984802246
human_ProtBertT5-xl_chemberta,True,True,True,False,0.9923403859138489
human_ProtBertT5-xl_roberta,True,True,False,True,0.9858195185661316
human_ESM-1B_pebchem10m,True,True,True,False,0.9963565468788147
human_ESM-1B_roberta,True,False,True,True,0.9947795271873474
human_ESM-1B_chemberta,True,True,True,True,0.9947394132614136
human_ProtBertT5-xl_chemberta,False,True,True,True,0.9907408356666565
human_ProtBertT5-xl_roberta,True,True,True,False,0.9979479908943176
human_ESM-1B_roberta,True,True,True,True,0.9927884340286255
human_ProtBertT5-xl_chemberta,True,False,True,True,0.9913134574890137
human_ESM-1B_pebchem10m,False,True,True,True,0.9968357086181641
human_ESM-1B_chemberta,True,True,False,False,0.9910972714424133
human_ProtBertT5-xl_roberta,False,True,True,True,0.992382287979126
human_ProtBertT5-xl_chemberta,True,True,True,True,0.9894448518753052
human_ESM-1B_roberta,True,True,False,False,0.9952550530433655
human_ESM-1B_pebchem10m,True,False,True,True,0.9963382482528687
human_ProtBertT5-xl_roberta,True,False,True,True,0.9925161004066467
human_ESM-1B_chemberta,False,False,True,True,0.9962970018386841
human_ProtBertT5-xl_chemberta,True,True,False,False,0.9907419681549072
human_ESM-1B_pebchem10m,True,True,True,True,0.9968731999397278
human_ESM-1B_roberta,False,False,True,True,0.9984866380691528
human_ESM-1B_chemberta,True,True,False,True,0.9903780221939087
human_ESM-1B_roberta,True,True,False,True,0.9910160899162292
human_ESM-1B_pebchem10m,True,True,False,False,0.9948384761810303
human_ProtBertT5-xl_chemberta,False,False,True,True,0.9952358603477478
human_ESM-1B_chemberta,True,True,True,False,0.995129406452179
human_ESM-1B_roberta,True,True,True,False,0.9967362284660339
human_ProtBertT5-xl_chemberta,True,True,False,True,0.9859756231307983
human_ESM-1B_pebchem10m,False,False,True,True,0.9975348711013794
human_ESM-1B_roberta,False,True,True,True,0.9952066540718079
human_ESM-1B_chemberta,False,True,True,True,0.9944886565208435
human_ProtBertT5-xl_chemberta,True,True,True,False,0.994926929473877
human_ESM-1B_pebchem10m,True,True,False,True,0.9937184453010559
human_ProtBertT5-xl_chemberta,False,True,True,True,0.9917461276054382
human_ESM-1B_chemberta,True,False,True,True,0.9967377781867981
human_ESM-1B_roberta,True,False,True,True,0.9983701109886169
human_ESM-1B_pebchem10m,True,True,True,False,0.9958586692810059
human_ProtBertT5-xl_chemberta,True,False,True,True,0.9919151663780212
human_ESM-1B_roberta,True,True,True,True,0.9958477020263672
human_ESM-1B_chemberta,True,True,True,True,0.9919951558113098
human_ProtBertT5-xl_chemberta,True,True,True,True,0.9926987886428833
human_ESM-1B_roberta,True,True,False,False,0.9932178258895874
human_ESM-1B_pebchem10m,False,True,True,True,0.9962148666381836
human_ESM-1B_chemberta,True,True,False,False,0.9948902130126953
human_ProtBertT5-xl_chemberta,True,True,False,False,0.9891091585159302
human_ESM-1B_roberta,False,False,True,True,0.9978353381156921
human_ESM-1B_pebchem10m,True,False,True,True,0.9984278082847595
human_ESM-1B_chemberta,False,False,True,True,0.9968434572219849
human_ESM2_pebchem10m,True,True,True,True,0.9953997135162354
human_ProtBertT5-xl_chemberta,False,False,True,True,0.9942139983177185
human_ESM-1B_roberta,True,True,False,True,0.990757405757904
human_ProtBertT5-xl_chemberta,True,True,False,True,0.9888662695884705
human_ESM-1B_chemberta,True,True,False,True,0.9949660897254944
human_ESM2_pebchem10m,True,True,False,False,0.9929447770118713
human_ESM-1B_pebchem10m,True,True,True,True,0.9956867098808289
human_ESM-1B_roberta,True,True,True,False,0.9978172183036804
human_ProtBertT5-xl_chemberta,True,True,True,False,0.9949541091918945
human_ESM-1B_chemberta,True,True,True,False,0.9921388030052185
human_ESM-1B_roberta,False,True,True,True,0.9968976974487305
human_ProtBertT5-xl_chemberta,False,True,True,True,0.9932875633239746
human_ESM2_pebchem10m,False,False,True,True,0.9972504377365112
human_ESM-1B_pebchem10m,True,True,False,False,0.9936362504959106
human_ESM-1B_chemberta,False,True,True,True,0.9920168519020081
human_ProtBertT5-xl_chemberta,True,False,True,True,0.9940195083618164
human_ESM2_pebchem10m,True,True,False,True,0.9878163933753967
human_ESM-1B_roberta,True,False,True,True,0.9986765384674072
human_ESM-1B_chemberta,True,False,True,True,0.9935302734375
human_ESM-1B_pebchem10m,False,False,True,True,0.9985262155532837
human_ESM2_pebchem10m,True,True,True,False,0.9938498139381409
human_ProtBertT5-xl_chemberta,True,True,True,True,0.9936109185218811
human_ESM-1B_roberta,True,True,True,True,0.9940532445907593
human_ESM-1B_chemberta,True,True,True,True,0.9957394003868103
human_ESM-1B_pebchem10m,True,True,False,True,0.9888548254966736
human_ESM2_pebchem10m,False,True,True,True,0.9959911108016968
human_ProtBertT5-xl_chemberta,True,True,False,False,0.9940431714057922
human_ESM-1B_roberta,True,True,False,False,0.9958537817001343
human_ESM-1B_chemberta,True,True,False,False,0.9950571060180664
human_ESM-1B_pebchem10m,True,True,True,False,0.9957753419876099
human_ESM2_pebchem10m,True,False,True,True,0.9963752031326294
human_ProtBertT5-xl_chemberta,False,False,True,True,0.9940285682678223
human_ESM-1B_pebchem10m,False,True,True,True,0.9917186498641968
human_ESM-1B_roberta,False,False,True,True,0.9972774982452393
human_ESM-1B_chemberta,False,False,True,True,0.998343825340271
human_ESM2_pebchem10m,True,True,True,True,0.997567355632782
human_ProtBertT5-xl_chemberta,True,True,False,True,0.9861928820610046
human_ESM-1B_chemberta,True,True,False,True,0.9915236830711365
human_ESM-1B_pebchem10m,True,False,True,True,0.9983706474304199
human_ESM-1B_roberta,True,True,False,True,0.9963095188140869
human_ProtBertT5-xl_chemberta,True,True,True,False,0.9966092705726624
human_ESM2_pebchem10m,True,True,False,False,0.9965047240257263
human_ESM-1B_pebchem10m,True,True,True,True,0.9900203943252563
human_ESM-1B_roberta,True,True,True,False,0.995872974395752
human_ProtBertT5-xl_chemberta,False,True,True,True,0.9952701926231384
human_ESM-1B_chemberta,True,True,True,False,0.9983541965484619
human_ESM2_pebchem10m,False,False,True,True,0.9981467127799988
human_ESM-1B_roberta,False,True,True,True,0.996776282787323
human_ESM-1B_pebchem10m,True,True,False,False,0.9929078817367554
human_ProtBertT5-xl_chemberta,True,False,True,True,0.9894050359725952
human_ESM-1B_chemberta,False,True,True,True,0.9956215620040894
human_ESM2_pebchem10m,True,True,False,True,0.9931828379631042
human_ESM-1B_roberta,True,False,True,True,0.997713029384613
human_ESM-1B_pebchem10m,False,False,True,True,0.9967967867851257
human_ESM-1B_chemberta,True,False,True,True,0.9979181885719299
human_ESM2_pebchem10m,True,True,True,False,0.9975422024726868
human_ESM-1B_pebchem10m,True,True,False,True,0.9882845878601074
human_ESM-1B_chemberta,True,True,True,True,0.9911931157112122
human_ESM2_pebchem10m,False,True,True,True,0.9958422183990479
human_ESM-1B_chemberta,True,True,False,False,0.9901339411735535
human_ESM-1B_pebchem10m,True,True,True,False,0.9939908385276794
human_ESM2_pebchem10m,True,False,True,True,0.9978997111320496
human_ESM-1B_chemberta,False,False,True,True,0.9963652491569519
human_ESM-1B_pebchem10m,False,True,True,True,0.9896517395973206
human_ESM2_pebchem10m,True,True,True,True,0.9988847374916077
human_ESM-1B_chemberta,True,True,False,True,0.9907833933830261
human_ESM2_pebchem10m,True,True,False,False,0.9955544471740723
human_ESM-1B_pebchem10m,True,False,True,True,0.9967226982116699
human_ESM-1B_chemberta,True,True,True,False,0.991438627243042
human_ESM2_pebchem10m,False,False,True,True,0.9991900324821472
human_ESM-1B_chemberta,False,True,True,True,0.9893482327461243
human_ESM2_pebchem10m,True,True,False,True,0.9973596334457397
human_ESM-1B_chemberta,True,False,True,True,0.9976879954338074
human_ESM2_pebchem10m,True,True,True,False,0.9988317489624023
human_ESM-1B_chemberta,True,True,True,True,0.9958947896957397
human_ESM2_roberta,True,True,True,True,0.9963164329528809
human_ESM2_pebchem10m,False,True,True,True,0.9997256994247437
human_ESM-1B_chemberta,True,True,False,False,0.9956912994384766
human_ESM2_roberta,True,True,False,False,0.9938055872917175
human_ESM2_pebchem10m,True,False,True,True,0.998434841632843
human_ESM-1B_chemberta,False,False,True,True,0.9980517625808716
human_ESM2_chemberta,True,True,True,True,0.9958493113517761
human_ESM2_pebchem10m,True,True,True,True,0.9959650039672852
human_ESM2_roberta,False,False,True,True,0.9966710805892944
human_ESM-1B_chemberta,True,True,False,True,0.9955416917800903
human_ESM2_chemberta,True,True,False,False,0.9918111562728882
human_ESM2_pebchem10m,True,True,False,False,0.9909002184867859
human_ESM2_roberta,True,True,False,True,0.9944708943367004
human_ESM2_chemberta,False,False,True,True,0.9947133660316467
human_ESM2_pebchem10m,False,False,True,True,0.9972479939460754
human_ESM-1B_chemberta,True,True,True,False,0.9976567029953003
human_ESM2_roberta,True,True,True,False,0.9979526996612549
human_ESM2_chemberta,True,True,False,True,0.9895241260528564
human_ESM-1B_chemberta,False,True,True,True,0.9971189498901367
human_ESM2_pebchem10m,True,True,False,True,0.9924296140670776
human_ESM3_pebchem10m,True,True,True,True,0.9916184544563293
human_ESM2_chemberta,True,True,True,False,0.9959304928779602
human_ESM2_roberta,False,True,True,True,0.9966822266578674
human_ESM2_pebchem10m,True,True,True,False,0.9961522221565247
human_ESM-1B_chemberta,True,False,True,True,0.997326135635376
human_ESM2_pebchem10m,False,True,True,True,0.9950462579727173
human_ESM-1B_chemberta,True,True,True,True,0.9886989593505859
human_ESM2_chemberta,False,True,True,True,0.9958316087722778
human_ESM2_roberta,True,False,True,True,0.9970064163208008
human_ESM3_pebchem10m,True,True,False,False,0.9948980808258057
human_ESM-1B_chemberta,True,True,False,False,0.9916893839836121
human_ESM2_pebchem10m,True,False,True,True,0.9949674010276794
human_ESM3_pebchem10m,False,False,True,True,0.9902854561805725
human_ESM2_roberta,True,True,True,True,0.9971439242362976
human_ESM2_chemberta,True,False,True,True,0.9966868162155151
human_ESM3_pebchem10m,True,True,False,True,0.9821925759315491
human_ESM2_pebchem10m,True,True,True,True,0.9982411861419678
human_ESM2_chemberta,True,True,True,True,0.995241641998291
human_ESM-1B_chemberta,False,False,True,True,0.9963776469230652
human_ESM2_roberta,True,True,False,False,0.9965574741363525
human_ESM3_pebchem10m,True,True,True,False,0.9972478151321411
human_ESM2_pebchem10m,True,True,False,False,0.9970757365226746
human_ESM-1B_chemberta,True,True,False,True,0.9899526238441467
human_ESM2_roberta,False,False,True,True,0.998847484588623
human_ESM2_chemberta,True,True,False,False,0.9954585433006287
human_ESM3_pebchem10m,False,True,True,True,0.9882500767707825
human_ESM2_pebchem10m,False,False,True,True,0.9990968704223633
human_ESM-1B_chemberta,True,True,True,False,0.9930089116096497
human_ESM3_pebchem10m,True,False,True,True,0.9902165532112122
human_ESM2_chemberta,False,False,True,True,0.9969315528869629
human_ESM2_roberta,True,True,False,True,0.9957837462425232
human_ESM2_pebchem10m,True,True,False,True,0.9945709109306335
human_ESM-1B_chemberta,False,True,True,True,0.9925494194030762
human_ESM3_pebchem10m,True,True,True,True,0.9950167536735535
human_ESM2_roberta,True,True,True,False,0.9975591897964478
human_ESM2_chemberta,True,True,False,True,0.9953105449676514
human_ESM2_pebchem10m,True,True,True,False,0.9990832805633545
human_ESM-1B_chemberta,True,False,True,True,0.9956890344619751
human_ESM2_roberta,False,True,True,True,0.9971420764923096
human_ESM2_chemberta,True,True,True,False,0.9942856431007385
human_ESM-1B_chemberta,True,True,True,True,0.9901917576789856
human_ESM3_pebchem10m,True,True,False,False,0.996359646320343
human_ESM2_pebchem10m,False,True,True,True,0.9996019005775452
human_ESM2_roberta,True,False,True,True,0.9982037544250488
human_ESM2_chemberta,False,True,True,True,0.9964302778244019
human_ESM-1B_chemberta,True,True,False,False,0.99090576171875
human_ESM2_pebchem10m,True,False,True,True,0.9986792206764221
human_ESM3_pebchem10m,False,False,True,True,0.9940288066864014
human_ESM2_roberta,True,True,True,True,0.9985722899436951
human_ESM3_pebchem10m,True,True,False,True,0.9885636568069458
human_ESM2_chemberta,True,False,True,True,0.997214138507843
human_ESM-1B_chemberta,False,False,True,True,0.9920447468757629
human_ESM2_pebchem10m,True,True,True,True,0.9960604310035706
human_ESM2_roberta,True,True,False,False,0.9972283244132996
human_ESM2_pebchem10m,True,True,False,False,0.9904600977897644
human_ESM3_pebchem10m,True,True,True,False,0.9974778890609741
human_ESM-1B_chemberta,True,True,False,True,0.9904575943946838
human_ESM2_chemberta,True,True,True,True,0.9980321526527405
human_ESM2_pebchem10m,False,False,True,True,0.9978124499320984
human_ESM2_roberta,False,False,True,True,0.9993825554847717
human_ESM-1B_chemberta,True,True,True,False,0.9924840927124023
human_ESM3_pebchem10m,False,True,True,True,0.9974258542060852
human_ESM2_chemberta,True,True,False,False,0.9938188791275024
human_ESM-1B_chemberta,False,True,True,True,0.9890989661216736
human_ESM2_pebchem10m,True,True,False,True,0.9921264052391052
human_ESM2_roberta,True,True,False,True,0.994972288608551
human_ESM3_pebchem10m,True,False,True,True,0.9961655735969543
human_ESM2_pebchem10m,True,True,True,False,0.9958340525627136
human_ESM-1B_chemberta,True,False,True,True,0.9922122955322266
human_ESM2_chemberta,False,False,True,True,0.9989882707595825
human_ESM2_roberta,True,True,True,False,0.9993088841438293
human_ESM3_pebchem10m,True,True,True,True,0.9939243793487549
human_ESM2_pebchem10m,False,True,True,True,0.9973489046096802
human_ESM-1B_chemberta,True,True,True,True,0.9959285855293274
human_ESM2_chemberta,True,True,False,True,0.9922906160354614
human_ESM2_roberta,False,True,True,True,0.9994198083877563
human_ESM3_pebchem10m,True,True,False,False,0.9956739544868469
human_ESM2_pebchem10m,True,False,True,True,0.9970589876174927
human_ESM-1B_chemberta,True,True,False,False,0.9921987056732178
human_ESM3_pebchem10m,False,False,True,True,0.9964926242828369
human_ESM2_chemberta,True,True,True,False,0.9984289407730103
human_ESM2_roberta,True,False,True,True,0.9994882941246033
human_ESM2_pebchem10m,True,True,True,True,0.9947640299797058
human_ESM2_roberta,True,True,True,True,0.9941280484199524
human_ESM-1B_chemberta,False,False,True,True,0.9971275329589844
human_ESM3_pebchem10m,True,True,False,True,0.9952172040939331
human_ESM2_chemberta,False,True,True,True,0.9981145262718201
human_ESM2_pebchem10m,True,True,False,False,0.9896736741065979
human_ESM-1B_chemberta,True,True,False,True,0.9834378957748413
human_ESM2_roberta,True,True,False,False,0.9954811334609985
human_ESM2_pebchem10m,False,False,True,True,0.9961817860603333
human_ESM2_chemberta,True,False,True,True,0.9989451169967651
human_ESM3_pebchem10m,True,True,True,False,0.9993023872375488
human_ESM-1B_chemberta,True,True,True,False,0.994181752204895
human_ESM2_roberta,False,False,True,True,0.9966710805892944
human_ESM2_pebchem10m,True,True,False,True,0.9904730319976807
human_ESM3_pebchem10m,False,True,True,True,0.9938166737556458
human_ESM2_chemberta,True,True,True,True,0.9963760375976562
human_ESM-1B_chemberta,False,True,True,True,0.9963087439537048
human_ESM2_pebchem10m,True,True,True,False,0.9941859841346741
human_ESM2_roberta,True,True,False,True,0.9917463064193726
human_ESM3_pebchem10m,True,False,True,True,0.9949638843536377
human_ESM2_chemberta,True,True,False,False,0.9919857382774353
human_ESM2_pebchem10m,False,True,True,True,0.9935218095779419
human_ESM2_roberta,True,True,True,False,0.9943114519119263
human_ESM3_pebchem10m,True,True,True,True,0.993050754070282
human_ESM-1B_chemberta,True,False,True,True,0.9964011311531067
human_ESM2_pebchem10m,True,False,True,True,0.9961175918579102
human_ESM2_roberta,False,True,True,True,0.9966840147972107
human_ESM2_chemberta,False,False,True,True,0.9973108172416687
human_ESM2_pebchem10m,True,True,True,True,0.9980762004852295
human_ESM2_roberta,True,False,True,True,0.9944194555282593
human_ESM3_pebchem10m,True,True,False,False,0.9954646229743958
human_ESM-1B_chemberta,True,True,True,True,0.9953822493553162
human_ESM2_chemberta,True,True,False,True,0.9919478893280029
human_ESM2_pebchem10m,True,True,False,False,0.9927293658256531
human_ESM2_roberta,True,True,True,True,0.9989560842514038
human_ESM-1B_chemberta,True,True,False,False,0.9908835291862488
human_ESM2_chemberta,True,True,True,False,0.9946033358573914
human_ESM3_pebchem10m,False,False,True,True,0.9897432327270508
human_ESM3_pebchem10m,True,True,False,True,0.9862948656082153
human_ESM2_chemberta,False,True,True,True,0.9951843619346619
human_ESM2_pebchem10m,False,False,True,True,0.9990329742431641
human_ESM2_roberta,True,True,False,False,0.9973421096801758
human_ESM-1B_chemberta,False,False,True,True,0.996773898601532
human_ESM3_pebchem10m,True,True,True,False,0.9945365190505981
human_ESM2_chemberta,True,False,True,True,0.9966053366661072
human_ESM2_pebchem10m,True,True,False,True,0.9900882244110107
human_ESM2_roberta,False,False,True,True,0.9985526204109192
human_ESM3_pebchem10m,False,True,True,True,0.9914252161979675
human_ESM-1B_chemberta,True,True,False,True,0.9915461540222168
human_ESM2_chemberta,True,True,True,True,0.9978710412979126
human_ESM2_pebchem10m,True,True,True,False,0.9982422590255737
human_ESM3_pebchem10m,True,False,True,True,0.9921269416809082
human_ESM-1B_chemberta,True,True,True,False,0.9941463470458984
human_ESM2_roberta,True,True,False,True,0.9968018531799316
human_ESM2_pebchem10m,False,True,True,True,0.9985257983207703
human_ESM2_chemberta,True,True,False,False,0.995989978313446
human_ESM3_pebchem10m,True,True,True,True,0.9923991560935974
human_ESM2_roberta,True,True,True,False,0.999309778213501
human_ESM-1B_chemberta,False,True,True,True,0.9956389665603638
human_ESM2_pebchem10m,True,False,True,True,0.9988875985145569
human_ESM2_roberta,False,True,True,True,0.9985461235046387
human_ESM2_chemberta,False,False,True,True,0.9983413219451904
human_ESM3_pebchem10m,True,True,False,False,0.9963763952255249
human_ESM-1B_chemberta,True,False,True,True,0.9938820600509644
human_ESM2_pebchem10m,True,True,True,True,0.9979729056358337
human_ESM3_pebchem10m,False,False,True,True,0.9961988925933838
human_ESM2_roberta,True,False,True,True,0.9990946054458618
human_ESM2_chemberta,True,True,False,True,0.9951473474502563
human_ESM-1B_chemberta,True,True,True,True,0.9893739223480225
human_ESM3_pebchem10m,True,True,False,True,0.991794228553772
human_ESM2_pebchem10m,True,True,False,False,0.996188223361969
human_ESM2_roberta,True,True,True,True,0.9965882301330566
human_ESM2_chemberta,True,True,True,False,0.9974735379219055
human_ESM-1B_chemberta,True,True,False,False,0.9924941062927246
human_ESM3_pebchem10m,True,True,True,False,0.9989117980003357
human_ESM2_roberta,True,True,False,False,0.995061457157135
human_ESM2_pebchem10m,False,False,True,True,0.9984238743782043
human_ESM2_chemberta,False,True,True,True,0.9980059266090393
human_ESM3_pebchem10m,False,True,True,True,0.9966680407524109
human_ESM-1B_chemberta,False,False,True,True,0.9968510866165161
human_ESM2_roberta,False,False,True,True,0.9974753260612488
human_ESM2_chemberta,True,False,True,True,0.9964969158172607
human_ESM3_pebchem10m,True,False,True,True,0.9964213371276855
human_ESM2_pebchem10m,True,True,False,True,0.9942694306373596
human_ESM-1B_chemberta,True,True,False,True,0.988677978515625
human_ESM2_roberta,True,True,False,True,0.9926080703735352
human_ESM2_chemberta,True,True,True,True,0.9951238632202148
human_ESM3_pebchem10m,True,True,True,True,0.9900543093681335
human_ESM2_pebchem10m,True,True,True,False,0.9980511665344238
human_ESM-1B_chemberta,True,True,True,False,0.9932090640068054
human_ESM3_pebchem10m,True,True,False,False,0.9944360852241516
human_ESM2_roberta,True,True,True,False,0.9963635802268982
human_ESM2_chemberta,True,True,False,False,0.9941566586494446
human_ESM2_pebchem10m,False,True,True,True,0.9973883032798767
human_ESM-1B_chemberta,False,True,True,True,0.9936626553535461
human_ESM3_pebchem10m,False,False,True,True,0.993858277797699
human_ESM2_roberta,False,True,True,True,0.9972246885299683
human_ESM2_pebchem10m,True,False,True,True,0.9974813461303711
human_ESM2_chemberta,False,False,True,True,0.9964448809623718
human_ESM3_pebchem10m,True,True,False,True,0.9835550785064697
human_ESM-1B_chemberta,True,False,True,True,0.9966326355934143
human_ESM2_roberta,True,False,True,True,0.9974627494812012
human_ESM2_pebchem10m,True,True,True,True,0.9974894523620605
human_ESM2_chemberta,True,True,False,True,0.9923893213272095
human_ESM3_pebchem10m,True,True,True,False,0.9978139400482178
human_ESM2_roberta,True,True,True,True,0.9956690669059753
human_ESM2_chemberta,True,True,True,False,0.9945686459541321
human_ESM2_pebchem10m,True,True,False,False,0.9943278431892395
human_ESM3_pebchem10m,False,True,True,True,0.992661714553833
human_ESM2_roberta,True,True,False,False,0.9912146925926208
human_ESM3_pebchem10m,True,False,True,True,0.9891954660415649
human_ESM2_chemberta,False,True,True,True,0.9949236512184143
human_ESM2_pebchem10m,False,False,True,True,0.9970542192459106
human_ESM2_roberta,False,False,True,True,0.9956720471382141
human_ESM3_pebchem10m,True,True,True,True,0.9867924451828003
human_ESM2_chemberta,True,False,True,True,0.9974349141120911
human_ESM2_pebchem10m,True,True,False,True,0.9895753264427185
human_ESM2_roberta,True,True,False,True,0.9905713796615601
human_ESM3_pebchem10m,True,True,False,False,0.9908286333084106
human_ESM2_chemberta,True,True,True,True,0.9921920895576477
human_ESM2_pebchem10m,True,True,True,False,0.996532142162323
human_ESM2_roberta,True,True,True,False,0.9939469695091248
human_ESM3_pebchem10m,False,False,True,True,0.9881987571716309
human_ESM2_pebchem10m,False,True,True,True,0.9956040978431702
human_ESM2_chemberta,True,True,False,False,0.9879565238952637
human_ESM2_roberta,False,True,True,True,0.9957746863365173
human_ESM3_pebchem10m,True,True,False,True,0.9837609529495239
human_ESM2_pebchem10m,True,False,True,True,0.9964572191238403
human_ESM2_chemberta,False,False,True,True,0.9927127361297607
human_ESM2_roberta,True,False,True,True,0.996079683303833
human_ESM3_pebchem10m,True,True,True,False,0.9959273934364319
human_ESM2_chemberta,True,True,False,True,0.9842592477798462
human_ESM2_roberta,True,True,True,True,0.9968224167823792
human_ESM3_pebchem10m,False,True,True,True,0.9884856939315796
human_ESM2_chemberta,True,True,True,False,0.9889842867851257
human_ESM3_pebchem10m,True,False,True,True,0.9883792400360107
human_ESM2_roberta,True,True,False,False,0.9949783086776733
human_ESM2_chemberta,False,True,True,True,0.9890102744102478
human_ESM2_chemberta,True,False,True,True,0.9895468950271606
human_ESM3_pebchem10m,True,True,True,True,0.995485782623291
human_ESM2_roberta,False,False,True,True,0.99824458360672
human_ESM2_chemberta,True,True,True,True,0.9955610632896423
human_ESM3_roberta,True,True,True,True,0.9928196668624878
human_ESM2_roberta,True,True,False,True,0.9924107789993286
human_ESM3_pebchem10m,True,True,False,False,0.9920057654380798
human_ESM2_chemberta,True,True,False,False,0.9895365238189697
human_ESM2_roberta,True,True,True,False,0.9974859356880188
human_ESM3_pebchem10m,False,False,True,True,0.9970369935035706
human_ESM3_roberta,True,True,False,False,0.994501531124115
human_ESM2_chemberta,False,False,True,True,0.9968357086181641
human_ESM3_pebchem10m,True,True,False,True,0.9873224496841431
human_ESM2_roberta,False,True,True,True,0.9981792569160461
human_ESM3_roberta,False,False,True,True,0.9940434098243713
human_ESM2_chemberta,True,True,False,True,0.9829930663108826
human_ESM2_roberta,True,False,True,True,0.995076596736908
human_ESM3_roberta,True,True,False,True,0.9864858388900757
human_ESM3_pebchem10m,True,True,True,False,0.9978908896446228
human_ESM2_chemberta,True,True,True,False,0.9965401887893677
human_ESM3_pebchem10m,False,True,True,True,0.9908558130264282
human_ESM2_roberta,True,True,True,True,0.9980279207229614
human_ESM3_roberta,True,True,True,False,0.9952614307403564
human_ESM3_pebchem10m,True,False,True,True,0.9928388595581055
human_ESM3_chemberta,True,True,True,True,0.9899734854698181
human_ESM2_chemberta,False,True,True,True,0.9953894019126892
human_ESM3_roberta,False,True,True,True,0.9943825006484985
human_ESM2_roberta,True,True,False,False,0.9947404861450195
human_ESM3_pebchem10m,True,True,True,True,0.9961465001106262
human_ESM3_chemberta,True,True,False,False,0.9927268624305725
human_ESM3_roberta,True,False,True,True,0.9945302605628967
human_ESM2_chemberta,True,False,True,True,0.9964770674705505
human_ESM2_roberta,False,False,True,True,0.9974855780601501
human_ESM3_chemberta,False,False,True,True,0.9885576963424683
human_ESM2_chemberta,True,True,True,True,0.995256781578064
human_ESM3_roberta,True,True,True,True,0.9976406097412109
human_ESM3_chemberta,True,True,False,True,0.9851391315460205
human_ESM3_pebchem10m,True,True,False,False,0.9978004693984985
human_ESM2_roberta,True,True,False,True,0.9946219325065613
human_ESM3_pebchem10m,False,False,True,True,0.9959618449211121
human_ESM3_roberta,True,True,False,False,0.9969679117202759
human_ESM3_chemberta,True,True,True,False,0.9944145083427429
human_ESM2_chemberta,True,True,False,False,0.9912611246109009
human_ESM2_roberta,True,True,True,False,0.9986321926116943
human_ESM3_pebchem10m,True,True,False,True,0.9914963245391846
human_ESM3_chemberta,False,True,True,True,0.9913077354431152
human_ESM3_roberta,False,False,True,True,0.9970332980155945
human_ESM2_chemberta,False,False,True,True,0.9968217611312866
human_ESM2_roberta,False,True,True,True,0.9972442388534546
human_ESM3_pebchem10m,True,True,True,False,0.9974995851516724
human_ESM3_roberta,True,True,False,True,0.99098140001297
human_ESM3_chemberta,True,False,True,True,0.9910117983818054
human_ESM3_pebchem10m,False,True,True,True,0.9941678643226624
human_ESM2_chemberta,True,True,False,True,0.9893282651901245
human_ESM3_roberta,True,True,True,False,0.9965530633926392
human_ESM2_roberta,True,False,True,True,0.999233603477478
human_ESM3_chemberta,True,True,True,True,0.993848979473114
human_ESM3_pebchem10m,True,False,True,True,0.9963493347167969
human_ESM2_chemberta,True,True,True,False,0.9970762729644775
human_ESM3_roberta,False,True,True,True,0.9976409673690796
human_ESM2_roberta,True,True,True,True,0.9952852725982666
human_ESM3_chemberta,True,True,False,False,0.9946567416191101
human_ESM3_pebchem10m,True,True,True,True,0.9936930537223816
human_ESM3_roberta,True,False,True,True,0.996694803237915
human_ESM2_chemberta,False,True,True,True,0.9967146515846252
human_ESM3_chemberta,False,False,True,True,0.9927774667739868
human_ESM2_roberta,True,True,False,False,0.9936811923980713
human_ESM3_roberta,True,True,True,True,0.9961071610450745
human_ESM2_chemberta,True,False,True,True,0.9969939589500427
human_ESM3_pebchem10m,True,True,False,False,0.9968313574790955
human_ESM3_chemberta,True,True,False,True,0.9924370646476746
human_ESM2_roberta,False,False,True,True,0.9979454874992371
human_ESM3_roberta,True,True,False,False,0.9962933659553528
human_ESM3_pebchem10m,False,False,True,True,0.9939560890197754
human_ESM3_chemberta,True,True,True,False,0.9940057396888733
human_ESM2_chemberta,True,True,True,True,0.9914959669113159
human_ESM2_roberta,True,True,False,True,0.9934118986129761
human_ESM3_roberta,False,False,True,True,0.9977107048034668
human_ESM3_chemberta,False,True,True,True,0.9954339265823364
human_ESM3_pebchem10m,True,True,False,True,0.9911622405052185
human_ESM2_roberta,True,True,True,False,0.9972597360610962
human_ESM2_chemberta,True,True,False,False,0.9916443228721619
human_ESM3_roberta,True,True,False,True,0.9923341274261475
human_ESM3_chemberta,True,False,True,True,0.9941432476043701
human_ESM2_roberta,False,True,True,True,0.9965944886207581
human_ESM3_pebchem10m,True,True,True,False,0.9963394403457642
human_ESM2_chemberta,False,False,True,True,0.9961143136024475
human_ESM3_roberta,True,True,True,False,0.9984959959983826
human_ESM3_chemberta,True,True,True,True,0.9950846433639526
human_ESM2_chemberta,True,True,False,True,0.9879122972488403
human_ESM2_roberta,True,False,True,True,0.99814373254776
human_ESM3_pebchem10m,False,True,True,True,0.9940539598464966
human_ESM3_roberta,False,True,True,True,0.996308445930481
human_ESM3_chemberta,True,True,False,False,0.993772566318512
human_ESM2_chemberta,True,True,True,False,0.9946330785751343
human_ESM3_chemberta,False,False,True,True,0.9942191243171692
human_ESM3_pebchem10m,True,False,True,True,0.99302077293396
human_ESM3_roberta,True,False,True,True,0.9952602386474609
human_ESM3_chemberta,True,True,False,True,0.9928098917007446
human_ESM2_chemberta,False,True,True,True,0.9903460144996643
human_ESM3_roberta,True,True,True,True,0.9912870526313782
human_ESM3_chemberta,True,True,True,False,0.9970510601997375
human_ESM3_roberta,True,True,False,False,0.9955565333366394
human_ESM2_chemberta,True,False,True,True,0.9968976378440857
human_ESM3_chemberta,False,True,True,True,0.9954480528831482
human_ESM3_roberta,False,False,True,True,0.992408037185669
human_ESM3_chemberta,True,False,True,True,0.9924484491348267
human_ESM3_chemberta,True,True,True,True,0.9857866764068604
human_ESM3_roberta,True,True,False,True,0.9872457981109619
human_ESM3_chemberta,True,True,False,False,0.99420166015625
human_ESM3_roberta,True,True,True,False,0.9977147579193115
human_ESM3_chemberta,False,False,True,True,0.9894686937332153
human_ESM3_roberta,False,True,True,True,0.9926636815071106
human_ESM3_chemberta,True,True,False,True,0.9881541728973389
human_ESM3_roberta,True,False,True,True,0.99345862865448
human_ESM3_chemberta,True,True,True,False,0.9959624409675598
human_ESM3_roberta,True,True,True,True,0.9975283741950989
human_ESM3_chemberta,False,True,True,True,0.9933633208274841
human_ESM3_roberta,True,True,False,False,0.9966261386871338
human_ESM3_chemberta,True,False,True,True,0.9908939003944397
human_ESM3_roberta,False,False,True,True,0.9976117610931396
human_ESM3_chemberta,True,True,True,True,0.9938263893127441
human_ESM3_roberta,True,True,False,True,0.9946351647377014
human_ESM3_chemberta,True,True,False,False,0.994784951210022
human_ESM3_roberta,True,True,True,False,0.9994515180587769
human_ESM3_chemberta,False,False,True,True,0.9963370561599731
human_ESM3_roberta,False,True,True,True,0.9981910586357117
human_ESM3_chemberta,True,True,False,True,0.9925371408462524
human_ESM3_roberta,True,False,True,True,0.9969045519828796
human_ESM3_chemberta,True,True,True,False,0.9959428906440735
human_ESM3_roberta,True,True,True,True,0.9943766593933105
human_ESM3_chemberta,False,True,True,True,0.9945201277732849
human_ESM3_chemberta,True,False,True,True,0.9939063787460327
human_ESM3_roberta,True,True,False,False,0.9955907464027405
human_ESM3_chemberta,True,True,True,True,0.9911420941352844
human_ESM3_roberta,False,False,True,True,0.9933488965034485
human_ESM3_roberta,True,True,False,True,0.9838477969169617
human_ESM3_chemberta,True,True,False,False,0.9924437403678894
human_ESM3_chemberta,False,False,True,True,0.9923508763313293
human_ESM3_roberta,True,True,True,False,0.9970847964286804
human_ESM3_chemberta,True,True,False,True,0.9855877161026001
human_ESM3_roberta,False,True,True,True,0.9933894872665405
human_ESM3_chemberta,True,True,True,False,0.9948869347572327
human_ESM3_roberta,True,False,True,True,0.9939831495285034
human_ESM3_chemberta,False,True,True,True,0.9891927242279053
human_ESM3_roberta,True,True,True,True,0.9872342944145203
human_ESM3_chemberta,True,False,True,True,0.9898391366004944
human_ESM3_chemberta,True,True,True,True,0.9886497259140015
human_ESM3_roberta,True,True,False,False,0.9945167303085327
human_ESM3_chemberta,True,True,False,False,0.9892130494117737
human_ESM3_roberta,False,False,True,True,0.9837257862091064
human_ESM3_chemberta,False,False,True,True,0.9883742332458496
human_ESM3_roberta,True,True,False,True,0.9829567670822144
human_ESM3_chemberta,True,True,False,True,0.979717493057251
human_ESM3_roberta,True,True,True,False,0.9960518479347229
human_ESM3_chemberta,True,True,True,False,0.9938836693763733
human_ESM3_roberta,False,True,True,True,0.990399956703186
human_ESM3_roberta,True,False,True,True,0.9909144639968872
human_ESM3_chemberta,False,True,True,True,0.9923991560935974
human_ESM3_chemberta,True,False,True,True,0.9879817962646484
human_ESM3_roberta,True,True,True,True,0.9932183027267456
human_ESM3_chemberta,True,True,True,True,0.9929001331329346
human_ESM3_roberta,True,True,False,False,0.9948999881744385
human_ESM3_chemberta,True,True,False,False,0.9902374744415283
human_ESM3_roberta,False,False,True,True,0.9941302537918091
human_ESM3_chemberta,False,False,True,True,0.9897552132606506
human_ESM3_roberta,True,True,False,True,0.9905025362968445
human_ESM3_chemberta,True,True,False,True,0.986297070980072
human_ESM3_chemberta,True,True,True,False,0.9953147172927856
human_ESM3_roberta,True,True,True,False,0.997067928314209
human_ESM3_chemberta,False,True,True,True,0.9896488189697266
human_ESM3_roberta,False,True,True,True,0.9941710829734802
human_ESM3_chemberta,True,False,True,True,0.9938527345657349
human_ESM3_roberta,True,False,True,True,0.9931734800338745
human_ESM3_roberta,True,True,True,True,0.9956265687942505
human_ESM3_chemberta,True,True,True,True,0.9941061735153198
human_ESM3_chemberta,True,True,False,False,0.99381422996521
human_ESM3_roberta,True,True,False,False,0.996551513671875
human_ESM3_chemberta,False,False,True,True,0.992297351360321
human_ESM3_roberta,False,False,True,True,0.9952424168586731
human_ESM3_chemberta,True,True,False,True,0.9890047311782837
human_ESM3_roberta,True,True,False,True,0.9896379709243774
human_ESM3_chemberta,True,True,True,False,0.9972013235092163
human_ESM3_roberta,True,True,True,False,0.9988765120506287
human_ESM3_chemberta,False,True,True,True,0.9942141771316528
human_ESM3_roberta,False,True,True,True,0.9966322779655457
human_ESM3_chemberta,True,False,True,True,0.9881651401519775
human_ESM3_roberta,True,False,True,True,0.9962306618690491
human_ESM3_chemberta,True,True,True,True,0.9916463494300842
human_ESM3_roberta,True,True,True,True,0.9944773316383362
human_ESM3_chemberta,True,True,False,False,0.995003879070282
human_ESM3_roberta,True,True,False,False,0.9969250559806824
human_ESM3_chemberta,False,False,True,True,0.9899486899375916
human_ESM3_chemberta,True,True,False,True,0.989030122756958
human_ESM3_roberta,False,False,True,True,0.9954692125320435
human_ESM3_roberta,True,True,False,True,0.9927703142166138
human_ESM3_chemberta,True,True,True,False,0.9967541098594666
human_ESM3_chemberta,False,True,True,True,0.987643837928772
human_ESM3_roberta,True,True,True,False,0.9982881546020508
human_ESM3_chemberta,True,False,True,True,0.992424488067627
human_ESM3_roberta,False,True,True,True,0.996269702911377
human_ESM3_roberta,True,False,True,True,0.9929695129394531
